No,contract_address,payer_address,gas_limit,gas_price,function_name,pre_exec,params,result
1,d28406bccdea03bd43178b5fb54f6c5230f4adad,AQf4Mzu1YJrhz9f3aRkkwSm9n3qhXGSh4p,40000,0,attend,False,AQf4Mzu1YJrhz9f3aRkkwSm9n3qhXGSh4p:5,3eb37d69a95a63f49d0f15144bed68b3967ab4690f1e46fe78a4ba2261bb7dfc
3,d28406bccdea03bd43178b5fb54f6c5230f4adad,AQf4Mzu1YJrhz9f3aRkkwSm9n3qhXGSh4p,40000,0,queryAttendeeCount,True,5:2,
5,d28406bccdea03bd43178b5fb54f6c5230f4adad,AQf4Mzu1YJrhz9f3aRkkwSm9n3qhXGSh4p,40000,0,queryAttendeeCount,True,5:1,1
7,d28406bccdea03bd43178b5fb54f6c5230f4adad,AQf4Mzu1YJrhz9f3aRkkwSm9n3qhXGSh4p,40000,0,queryCurrentRound,True,5,1
9,d28406bccdea03bd43178b5fb54f6c5230f4adad,AQf4Mzu1YJrhz9f3aRkkwSm9n3qhXGSh4p,40000,0,queryWinner,True,5:1,
11,d28406bccdea03bd43178b5fb54f6c5230f4adad,AQf4Mzu1YJrhz9f3aRkkwSm9n3qhXGSh4p,40000,0,endGame,False,AQf4Mzu1YJrhz9f3aRkkwSm9n3qhXGSh4p:5,a3321071d7d64ae7671e76f4ea5647bfb9036eaa719d93b317d11ad6fe8857f2
13,d28406bccdea03bd43178b5fb54f6c5230f4adad,AQf4Mzu1YJrhz9f3aRkkwSm9n3qhXGSh4p,40000,0,queryWinner,True,5:1,616f2a4a38396ff203ea01e6c070ae421bb8ce2d
15,d28406bccdea03bd43178b5fb54f6c5230f4adad,AQf4Mzu1YJrhz9f3aRkkwSm9n3qhXGSh4p,40000,0,attend,False,AQf4Mzu1YJrhz9f3aRkkwSm9n3qhXGSh4p:5,37673e82229867a4dadcad2c237ffddcca4040815110d3235cf2f8915c7466f2
17,d28406bccdea03bd43178b5fb54f6c5230f4adad,AQf4Mzu1YJrhz9f3aRkkwSm9n3qhXGSh4p,40000,0,queryCurrentRound,True,5,2
19,d28406bccdea03bd43178b5fb54f6c5230f4adad,AQf4Mzu1YJrhz9f3aRkkwSm9n3qhXGSh4p,40000,0,attend,False,AQf4Mzu1YJrhz9f3aRkkwSm9n3qhXGSh4p:5,b6134db2927c43bf2de246e59f195375f92b6da4564fd478131f1ee40929dfa6
21,d28406bccdea03bd43178b5fb54f6c5230f4adad,AQf4Mzu1YJrhz9f3aRkkwSm9n3qhXGSh4p,40000,0,attend,False,ASUwFccvYFrrWR6vsZhhNszLFNvCLA5qS6:5,6769f614194a3fc7b41fce9a0ef560d344f353f441d738938468a39ad7cec1c8
23,d28406bccdea03bd43178b5fb54f6c5230f4adad,AQf4Mzu1YJrhz9f3aRkkwSm9n3qhXGSh4p,40000,0,attend,False,ASUwFccvYFrrWR6vsZhhNszLFNvCLA5qS6:5,105a6c94a54d5611eb25ade44bc895c24a6bf957d02ea9228c854bc5a6a6d771
25,d28406bccdea03bd43178b5fb54f6c5230f4adad,AQf4Mzu1YJrhz9f3aRkkwSm9n3qhXGSh4p,40000,0,queryCurrentRound,True,5,2
27,d28406bccdea03bd43178b5fb54f6c5230f4adad,AQf4Mzu1YJrhz9f3aRkkwSm9n3qhXGSh4p,40000,0,queryAttendeeCount,True,5:1,1
29,d28406bccdea03bd43178b5fb54f6c5230f4adad,AQf4Mzu1YJrhz9f3aRkkwSm9n3qhXGSh4p,40000,0,queryAttendeeCount,True,5:1,1
31,d28406bccdea03bd43178b5fb54f6c5230f4adad,AQf4Mzu1YJrhz9f3aRkkwSm9n3qhXGSh4p,40000,0,queryAttendeeCount,True,5:2,4
33,d28406bccdea03bd43178b5fb54f6c5230f4adad,AQf4Mzu1YJrhz9f3aRkkwSm9n3qhXGSh4p,40000,0,attend,False,ASUwFccvYFrrWR6vsZhhNszLFNvCLA5qS6:5,bac63fcb8b0a8887913fb15a987e2201f34d40b5aa9febd7272a7132d98b75f0
35,d28406bccdea03bd43178b5fb54f6c5230f4adad,AQf4Mzu1YJrhz9f3aRkkwSm9n3qhXGSh4p,40000,0,queryWinner,True,5:1,616f2a4a38396ff203ea01e6c070ae421bb8ce2d
37,d28406bccdea03bd43178b5fb54f6c5230f4adad,AQf4Mzu1YJrhz9f3aRkkwSm9n3qhXGSh4p,40000,0,queryWinner,True,5:1,616f2a4a38396ff203ea01e6c070ae421bb8ce2d
39,d28406bccdea03bd43178b5fb54f6c5230f4adad,AQf4Mzu1YJrhz9f3aRkkwSm9n3qhXGSh4p,40000,0,queryWinner,True,5:1,616f2a4a38396ff203ea01e6c070ae421bb8ce2d
41,d28406bccdea03bd43178b5fb54f6c5230f4adad,AQf4Mzu1YJrhz9f3aRkkwSm9n3qhXGSh4p,40000,0,queryWinner,True,5:1,616f2a4a38396ff203ea01e6c070ae421bb8ce2d
43,d28406bccdea03bd43178b5fb54f6c5230f4adad,AQf4Mzu1YJrhz9f3aRkkwSm9n3qhXGSh4p,40000,0,queryWinner,True,5:1,616f2a4a38396ff203ea01e6c070ae421bb8ce2d
45,d28406bccdea03bd43178b5fb54f6c5230f4adad,AQf4Mzu1YJrhz9f3aRkkwSm9n3qhXGSh4p,40000,0,queryWinner,True,5:1,616f2a4a38396ff203ea01e6c070ae421bb8ce2d
47,d28406bccdea03bd43178b5fb54f6c5230f4adad,AQf4Mzu1YJrhz9f3aRkkwSm9n3qhXGSh4p,40000,0,queryWinner,True,5:1,616f2a4a38396ff203ea01e6c070ae421bb8ce2d
49,d28406bccdea03bd43178b5fb54f6c5230f4adad,AQf4Mzu1YJrhz9f3aRkkwSm9n3qhXGSh4p,40000,0,queryWinner,True,5:1,616f2a4a38396ff203ea01e6c070ae421bb8ce2d
51,d28406bccdea03bd43178b5fb54f6c5230f4adad,AQf4Mzu1YJrhz9f3aRkkwSm9n3qhXGSh4p,40000,0,queryWinner,True,5:1,616f2a4a38396ff203ea01e6c070ae421bb8ce2d
53,d28406bccdea03bd43178b5fb54f6c5230f4adad,AQf4Mzu1YJrhz9f3aRkkwSm9n3qhXGSh4p,40000,0,queryWinner,True,5:1,'utf-8' codec can't decode byte 0xf2 in position 7: invalid continuation byte
55,d28406bccdea03bd43178b5fb54f6c5230f4adad,AQf4Mzu1YJrhz9f3aRkkwSm9n3qhXGSh4p,40000,0,queryWinner,True,5:1,616f2a4a38396ff203ea01e6c070ae421bb8ce2d
57,d28406bccdea03bd43178b5fb54f6c5230f4adad,AQf4Mzu1YJrhz9f3aRkkwSm9n3qhXGSh4p,40000,0,queryWinner,True,5:1,616f2a4a38396ff203ea01e6c070ae421bb8ce2d
59,d28406bccdea03bd43178b5fb54f6c5230f4adad,AQf4Mzu1YJrhz9f3aRkkwSm9n3qhXGSh4p,40000,0,queryWinner,True,5:1,616f2a4a38396ff203ea01e6c070ae421bb8ce2d
61,d28406bccdea03bd43178b5fb54f6c5230f4adad,AQf4Mzu1YJrhz9f3aRkkwSm9n3qhXGSh4p,40000,0,queryWinner,True,5:1,616f2a4a38396ff203ea01e6c070ae421bb8ce2d
63,d28406bccdea03bd43178b5fb54f6c5230f4adad,AQf4Mzu1YJrhz9f3aRkkwSm9n3qhXGSh4p,40000,0,attend,False,ASUwFccvYFrrWR6vsZhhNszLFNvCLA5qS6:5,d30e7bc950695e0114cf966c73061970625c69531322acf9205e69bc966e715f
65,d28406bccdea03bd43178b5fb54f6c5230f4adad,AQf4Mzu1YJrhz9f3aRkkwSm9n3qhXGSh4p,40000,0,queryAttendeeCount,True,5:2,5
67,d28406bccdea03bd43178b5fb54f6c5230f4adad,AQf4Mzu1YJrhz9f3aRkkwSm9n3qhXGSh4p,40000,0,queryCurrentRound,True,5,3
69,d28406bccdea03bd43178b5fb54f6c5230f4adad,AQf4Mzu1YJrhz9f3aRkkwSm9n3qhXGSh4p,40000,0,queryAttendeeCount,True,5:2,5
71,d28406bccdea03bd43178b5fb54f6c5230f4adad,AQf4Mzu1YJrhz9f3aRkkwSm9n3qhXGSh4p,40000,0,queryWinner,True,5:1,616f2a4a38396ff203ea01e6c070ae421bb8ce2d
